date,nk_name,nk_idx,amrita_type,amrita_start,amrita_offset_min,moon_lon_at_amrita,moon_speed_dph,nk_entry_lon,lon_frac,nk_duration_min,time_since_nk_entry_min,time_frac,sunrise_min,month_group
2025-03-30,Revati,26,Di,16:14,974,359.7666,0.6312,346.6667,0.9825,1268,1246,0.9826,384,2025-03
2025-03-31,Revati,0,Di,10:11,611,11.0802,0.6286,0.0000,0.8310,1270,1055,0.8307,383,2025-03
2025-04-01,Bharani,1,Di,10:41,641,26.3887,0.6197,13.3333,0.9792,1282,1255,0.9789,383,2025-04
2025-04-02,Krttika,3,Di,11:20,680,41.5080,0.6058,40.0000,0.1131,1333,149,0.1118,382,2025-04
2025-04-03,Rohini,4,Di,09:10,550,54.5815,0.5908,53.3333,0.0936,1369,127,0.0928,381,2025-04
2025-04-03,Rohini,3,Ra,02:39,159,50.7138,0.5955,40.0000,0.8035,1333,1068,0.8012,381,2025-04
2025-04-04,Mrgasira,4,Ra,00:33,33,63.5908,0.5797,53.3333,0.7693,1369,1050,0.7670,381,2025-04
2025-04-06,Punarvasu,7,Di,07:23,443,94.3268,0.5418,93.3333,0.0745,1493,110,0.0737,379,2025-04
2025-04-06,Punarvasu,6,Ra,03:21,201,92.1352,0.5443,80.0000,0.9101,1452,1319,0.9084,379,2025-04
2025-04-09,Magha,9,Di,08:42,522,132.6880,0.5079,120.0000,0.9516,1562,1486,0.9513,377,2025-04
2025-04-09,Magha,9,Ra,05:53,353,131.2557,0.5088,120.0000,0.8442,1562,1317,0.8431,377,2025-04
2025-04-12,Hasta,12,Di,10:18,618,169.4586,0.4940,160.0000,0.7094,1617,1147,0.7093,375,2025-04
2025-04-13,Chitra,13,Di,12:19,739,182.2904,0.4927,173.3333,0.6718,1623,1090,0.6716,375,2025-04
2025-04-14,Swati,14,Di,12:15,735,194.0830,0.4930,186.6667,0.5562,1623,903,0.5564,374,2025-04
2025-04-15,Vishakha,15,Di,14:49,889,207.2007,0.4949,200.0000,0.5401,1617,874,0.5405,373,2025-04
2025-04-16,Anuradha,16,Di,15:27,927,219.4291,0.4983,213.3333,0.4572,1605,735,0.4579,373,2025-04
2025-04-17,Jyeshtha,17,Ra,19:18,1158,233.3848,0.5045,226.6667,0.5039,1586,802,0.5057,372,2025-04
2025-04-18,Mula,18,Ra,23:32,1412,247.7465,0.5137,240.0000,0.5810,1560,910,0.5833,372,2025-04
2025-04-28,Bharani,1,Ra,18:46,1126,24.8397,0.6343,13.3333,0.8630,1259,1086,0.8626,366,2025-04
2025-04-29,Krttika,3,Ra,19:24,1164,40.3725,0.6252,40.0000,0.0279,1291,36,0.0279,366,2025-04
2025-04-30,Rohini,4,Di,17:12,1032,53.8723,0.6120,53.3333,0.0404,1323,53,0.0401,365,2025-04
2025-05-01,Mrgasira,4,Di,10:37,637,64.4254,0.5989,53.3333,0.8319,1323,1098,0.8299,365,2025-05
2025-05-03,Punarvasu,7,Di,15:12,912,94.7879,0.5552,93.3333,0.1091,1459,157,0.1076,364,2025-05
2025-05-04,Pushya,7,Di,11:28,688,105.8874,0.5397,93.3333,0.9416,1459,1373,0.9411,364,2025-05
2025-05-09,Hasta,12,Di,15:30,930,169.0661,0.4925,160.0000,0.6800,1623,1102,0.6790,362,2025-05
2025-05-10,Chitra,13,Ra,19:28,1168,182.8256,0.4920,173.3333,0.7119,1626,1158,0.7122,362,2025-05
2025-05-11,Krttika,14,Ra,19:24,1164,194.6135,0.4934,186.6667,0.5960,1622,968,0.5968,361,2025-05
2025-05-12,Vishakha,15,Ra,22:01,1321,207.7846,0.4966,200.0000,0.5838,1612,943,0.5850,361,2025-05
2025-05-13,Vishakha,16,Ra,22:42,1362,220.0901,0.5008,213.3333,0.5068,1598,812,0.5081,361,2025-05
2025-05-14,Krttika,16,Ra,02:37,157,222.0526,0.5015,213.3333,0.6539,1598,1047,0.6552,360,2025-05
2025-05-16,Mula,18,Di,06:57,417,248.5962,0.5139,240.0000,0.6447,1560,1008,0.6462,360,2025-05
2025-05-28,Mrgasira,4,Ra,18:43,1123,63.1277,0.6130,53.3333,0.7346,1298,951,0.7327,358,2025-05
2025-05-30,Punarvasu,7,Ra,23:07,1387,94.2569,0.5724,93.3333,0.0693,1418,97,0.0684,358,2025-05
2025-05-31,Pushya,7,Ra,18:54,1134,105.4224,0.5557,93.3333,0.9067,1418,1284,0.9055,358,2025-05
2025-06-01,Rohini,8,Di,14:11,851,115.9954,0.5404,106.6667,0.6997,1469,1023,0.6964,358,2025-06
2025-06-02,Magha,10,Ra,23:46,1426,133.7590,0.5179,133.3333,0.0319,1563,49,0.0313,358,2025-06
2025-06-04,Rohini,11,Ra,21:27,1287,156.9326,0.4984,146.6667,0.7699,1597,1227,0.7683,358,2025-06
2025-06-05,Hasta,11,Ra,00:52,52,158.6345,0.4975,146.6667,0.8976,1597,1432,0.8967,358,2025-06
2025-06-07,Chitra,13,Ra,02:42,162,183.2323,0.4918,173.3333,0.7424,1626,1207,0.7423,358,2025-06
2025-06-08,Mrgasira,14,Ra,05:18,318,196.3342,0.4938,186.6667,0.7251,1622,1177,0.7256,358,2025-06
2025-06-10,Anuradha,16,Di,06:02,362,220.6026,0.5033,213.3333,0.5452,1590,870,0.5472,359,2025-06
2025-06-11,Mrgasira,17,Di,10:01,601,234.7866,0.5108,226.6667,0.6090,1569,958,0.6106,359,2025-06
2025-06-12,Mula,18,Di,14:30,870,249.4487,0.5191,240.0000,0.7087,1546,1098,0.7102,359,2025-06
2025-06-13,PvAshadha,19,Di,17:33,1053,263.5959,0.5273,253.3333,0.7697,1524,1175,0.7710,359,2025-06
2025-06-14,UtAshadha,20,Di,16:45,1005,275.9100,0.5347,266.6667,0.6933,1501,1043,0.6949,359,2025-06
2025-06-19,PvBhadra,25,Di,14:07,847,341.2876,0.5836,333.3333,0.5966,1374,823,0.5990,360,2025-06
2025-06-21,Revati,0,Di,16:47,1007,11.4655,0.6071,0.0000,0.8599,1325,1141,0.8611,360,2025-06
2025-06-23,Krttika,2,Di,11:54,714,37.9028,0.6171,26.6667,0.8427,1298,1094,0.8428,361,2025-06
2025-06-25,Ardra,5,Di,11:18,678,67.0342,0.6082,66.6667,0.0276,1326,36,0.0271,361,2025-06
2025-06-27,Punarvasu,6,Di,07:12,432,93.2259,0.5823,80.0000,0.9919,1355,1344,0.9919,362,2025-06
2025-06-27,Punarvasu,6,Ra,02:54,174,90.7138,0.5854,80.0000,0.8035,1355,1086,0.8015,362,2025-06
2025-06-29,Ardra,9,Di,07:45,465,120.6341,0.5458,120.0000,0.0476,1486,70,0.0471,362,2025-06
2025-06-30,Magha,10,Di,07:33,453,133.4312,0.5292,133.3333,0.0073,1533,11,0.0072,363,2025-06
2025-06-30,Magha,9,Ra,04:26,266,131.7776,0.5313,120.0000,0.8833,1487,1311,0.8816,363,2025-06
2025-07-29,Ardra,11,Di,07:45,465,153.9939,0.5145,146.6667,0.5495,1552,848,0.5464,371,2025-07
2025-07-30,Magha,12,Di,07:33,453,166.1215,0.5047,160.0000,0.4591,1586,724,0.4565,371,2025-07
2025-07-30,Magha,12,Ra,04:26,266,164.5463,0.5058,160.0000,0.3410,1586,537,0.3386,371,2025-07
2025-08-07,Anuradha,19,Di,13:27,807,266.3466,0.5392,253.3333,0.9760,1501,1466,0.9767,373,2025-08
2025-08-08,Jyeshtha,21,Di,17:32,1052,281.6812,0.5533,280.0000,0.1261,1435,183,0.1275,373,2025-08
2025-08-09,Punarvasu,22,Ra,22:05,1325,297.6630,0.5664,293.3333,0.3247,1409,460,0.3265,373,2025-08
2025-08-10,PvAshadha,22,Ra,13:15,795,306.2970,0.5724,293.3333,0.9723,1409,1370,0.9723,373,2025-08
2025-08-11,PvAshadha,23,Ra,00:35,35,312.8057,0.5765,306.6667,0.4604,1388,641,0.4618,373,2025-08
2025-08-12,UtAshadha,25,Ra,21:00,1260,338.6822,0.5878,333.3333,0.4012,1360,547,0.4022,373,2025-08
2025-08-13,Punarvasu,26,Ra,21:06,1266,352.8902,0.5911,346.6667,0.4668,1353,632,0.4671,374,2025-08
2025-08-14,Dhanishtha,0,Ra,23:53,1433,8.7475,0.5927,0.0000,0.6561,1350,886,0.6563,374,2025-08
2025-08-17,Revati,2,Ra,01:05,65,37.8854,0.5906,26.6667,0.8414,1353,1138,0.8411,374,2025-08
2025-08-19,Bharani,5,Ra,19:35,1175,76.7931,0.5772,66.6667,0.7595,1382,1048,0.7583,374,2025-08
2025-08-20,Krttika,6,Di,08:12,492,84.0522,0.5732,80.0000,0.3039,1399,423,0.3024,374,2025-08
2025-08-21,Rohini,7,Di,17:53,1073,103.1564,0.5603,93.3333,0.7367,1422,1045,0.7349,375,2025-08
2025-08-22,Mrgasira,8,Di,11:12,672,112.7985,0.5528,106.6667,0.4599,1448,662,0.4572,375,2025-08
2025-08-25,Pushya,11,Di,10:54,654,151.2501,0.5196,146.6667,0.3438,1544,527,0.3413,375,2025-08
2025-08-26,Ashlesha,12,Di,15:39,939,166.0255,0.5083,160.0000,0.4519,1575,708,0.4495,375,2025-08
2025-08-27,Pushya,13,Di,15:19,919,177.9680,0.5010,173.3333,0.3476,1599,553,0.3458,375,2025-08
2025-08-30,Hasta,16,Di,15:46,946,213.8903,0.4951,213.3333,0.0418,1610,68,0.0422,375,2025-08
2025-08-31,Pushya,17,Di,17:33,1053,226.7063,0.4999,226.6667,0.0030,1588,5,0.0031,375,2025-08
2025-09-01,Swati,17,Di,17:22,1042,238.6936,0.5076,226.6667,0.9020,1588,1434,0.9030,375,2025-09
2025-09-02,Vishakha,18,Ra,07:59,479,246.1538,0.5138,240.0000,0.4615,1556,723,0.4647,375,2025-09
2025-09-03,Ashlesha,19,Ra,20:46,1246,265.3887,0.5334,253.3333,0.9042,1517,1374,0.9057,375,2025-09
2025-09-07,PvAshadha,23,Di,08:49,529,312.4148,0.5854,306.6667,0.4311,1366,592,0.4334,376,2025-09
2025-09-08,UtAshadha,24,Di,08:13,493,326.2427,0.5965,320.0000,0.4682,1341,631,0.4705,376,2025-09
2025-09-08,UtAshadha,24,Ra,04:44,284,324.1681,0.5950,320.0000,0.3126,1341,422,0.3147,376,2025-09
2025-09-09,Shravana,25,Ra,04:56,296,338.6756,0.6036,333.3333,0.4007,1325,532,0.4015,376,2025-09
2025-09-12,PvBhadra,1,Di,06:19,379,23.2348,0.6046,13.3333,0.7426,1321,980,0.7419,376,2025-09
2025-09-16,Bharani,5,Ra,04:21,261,78.6131,0.5695,66.6667,0.8960,1394,1248,0.8953,376,2025-09
2025-09-17,Krttika,6,Ra,02:01,121,90.8533,0.5600,80.0000,0.8140,1420,1154,0.8127,376,2025-09
2025-09-18,Mrgasira,8,Ra,19:18,1158,113.6164,0.5426,106.6667,0.5212,1473,765,0.5193,376,2025-09
2025-09-19,Ardra,9,Di,16:53,1013,125.2397,0.5341,120.0000,0.3930,1500,586,0.3907,376,2025-09
2025-09-20,Punarvasu,10,Ra,23:12,1392,141.2679,0.5230,133.3333,0.5951,1527,905,0.5927,376,2025-09
2025-09-21,Pushya,11,Ra,18:45,1125,151.4313,0.5164,146.6667,0.3573,1552,552,0.3557,376,2025-09
2025-09-22,Ashlesha,12,Ra,23:21,1401,166.0787,0.5078,160.0000,0.4559,1576,716,0.4543,376,2025-09
2025-09-23,Hasta,12,Di,06:16,376,169.5852,0.5059,160.0000,0.7189,1576,1131,0.7176,376,2025-09
2025-09-24,Chitra,13,Di,07:53,473,182.4670,0.4999,173.3333,0.6850,1597,1092,0.6838,376,2025-09
2025-09-25,Swati,14,Di,07:37,457,194.2812,0.4958,186.6667,0.5711,1612,919,0.5701,376,2025-09
2025-09-26,Vishakha,15,Di,10:10,610,207.4103,0.4935,200.0000,0.5558,1620,900,0.5556,376,2025-09
2025-09-27,Anuradha,16,Di,11:07,667,219.7236,0.4940,213.3333,0.4793,1619,777,0.4799,376,2025-09
2025-09-28,Jyeshtha,17,Di,15:14,914,233.6579,0.4980,226.6667,0.5243,1607,845,0.5258,376,2025-09
2025-09-29,Mula,18,Ra,08:02,482,242.0571,0.5024,240.0000,0.1543,1583,246,0.1554,376,2025-09
2025-09-30,PvAshadha,19,Ra,23:33,1413,262.2000,0.5189,253.3333,0.6650,1549,1034,0.6675,376,2025-09
2025-10-04,Dhanishtha,23,Ra,23:24,1404,314.9164,0.5856,306.6667,0.6187,1372,854,0.6224,377,2025-10
2025-10-05,PvBhadra,24,Ra,22:05,1325,328.3787,0.6017,320.0000,0.6284,1335,843,0.6315,377,2025-10
2025-10-06,UtBhadra,24,Ra,00:14,14,329.6732,0.6031,320.0000,0.7255,1335,972,0.7281,377,2025-10
2025-10-07,Revati,25,Ra,01:14,74,344.9277,0.6170,333.3333,0.8696,1306,1137,0.8706,377,2025-10
2025-10-09,Bharani,1,Ra,19:51,1191,26.5339,0.6242,13.3333,0.9900,1278,1265,0.9898,377,2025-10
2025-10-10,Krttika,3,Ra,20:26,1226,41.7823,0.6151,40.0000,0.1337,1309,174,0.1329,377,2025-10
2025-10-12,Mrgasira,4,Di,11:16,676,65.2680,0.5927,53.3333,0.8951,1337,1195,0.8938,377,2025-10
2025-10-14,Punarvasu,7,Di,14:53,893,94.9902,0.5586,93.3333,0.1243,1446,178,0.1231,378,2025-10
2025-10-15,Pushya,7,Di,10:17,617,105.7188,0.5470,93.3333,0.9289,1446,1342,0.9281,378,2025-10
2025-10-16,Ashlesha,9,Di,14:39,879,121.0285,0.5324,120.0000,0.0771,1515,116,0.0766,378,2025-10
2025-10-17,Chitra,10,Di,14:00,840,133.3448,0.5225,133.3333,0.0009,1544,1,0.0006,378,2025-10
2025-10-20,Hasta,12,Di,13:30,810,169.9194,0.5026,160.0000,0.7440,1587,1179,0.7429,379,2025-10
2025-10-22,Swati,14,Di,14:41,881,194.4545,0.4957,186.6667,0.5841,1613,941,0.5834,379,2025-10
2025-10-23,Vishakha,15,Di,17:12,1032,207.5719,0.4939,200.0000,0.5679,1619,919,0.5676,379,2025-10
2025-10-24,Anuradha,16,Ra,18:02,1082,219.8295,0.4936,213.3333,0.4872,1620,790,0.4877,380,2025-10
2025-10-25,Jyeshtha,17,Ra,22:19,1339,233.8085,0.4954,226.6667,0.5356,1615,866,0.5362,380,2025-10
2025-10-26,Jyeshtha,17,Ra,03:12,192,236.2289,0.4960,226.6667,0.7172,1615,1159,0.7176,380,2025-10
2025-10-28,PvAshadha,19,Di,06:48,408,262.0896,0.5086,253.3333,0.6567,1578,1039,0.6584,381,2025-10
2025-10-29,UtAshadha,20,Di,06:32,392,274.2726,0.5190,266.6667,0.5704,1544,886,0.5738,381,2025-10
2025-10-29,UtAshadha,20,Ra,03:20,200,272.6153,0.5174,266.6667,0.4461,1545,694,0.4492,381,2025-10
2025-10-30,Shravana,21,Ra,03:52,232,285.4601,0.5308,280.0000,0.4095,1504,621,0.4129,381,2025-10
2025-11-13,Vishakha,10,Ra,21:38,1298,134.3705,0.5237,133.3333,0.0778,1542,119,0.0772,386,2025-11
2025-11-16,Vishakha,12,Ra,20:49,1249,170.6462,0.4993,160.0000,0.7985,1596,1273,0.7976,388,2025-11
2025-11-17,Chitra,13,Ra,22:17,1337,183.3152,0.4958,173.3333,0.7486,1611,1205,0.7480,388,2025-11
2025-11-18,Swati,14,Ra,21:52,1312,194.9888,0.4943,186.6667,0.6242,1618,1009,0.6236,388,2025-11
2025-11-19,Swati,14,Ra,00:21,21,196.2162,0.4942,186.6667,0.7162,1618,1158,0.7157,389,2025-11
2025-11-21,Anuradha,16,Ra,05:31,331,222.4914,0.4950,213.3333,0.6869,1617,1111,0.6871,390,2025-11
2025-11-23,Anuradha,18,Di,10:29,629,248.8244,0.5003,240.0000,0.6618,1601,1061,0.6627,391,2025-11
2025-11-24,PvAshadha,19,Di,14:11,851,262.7507,0.5058,253.3333,0.7063,1586,1122,0.7074,391,2025-11
2025-11-25,UtAshadha,20,Di,14:01,841,274.8777,0.5125,266.6667,0.6158,1564,966,0.6176,392,2025-11
2025-11-26,Anuradha,21,Di,10:55,655,285.6647,0.5204,280.0000,0.4249,1535,656,0.4274,393,2025-11
2025-11-27,Dhanishtha,22,Di,11:35,695,298.6376,0.5324,293.3333,0.3978,1499,601,0.4009,393,2025-11
2025-11-29,PvBhadra,24,Di,13:48,828,326.1493,0.5659,320.0000,0.4612,1413,657,0.4650,394,2025-11
2025-11-30,UtBhadra,25,Di,16:10,970,341.3342,0.5870,333.3333,0.6001,1368,826,0.6038,395,2025-11
2025-12-08,Punarvasu,7,Di,06:54,414,94.9359,0.5951,93.3333,0.1202,1361,161,0.1183,399,2025-12
2025-12-10,Hasta,9,Di,11:56,716,125.2758,0.5489,120.0000,0.3957,1462,572,0.3912,400,2025-12
2025-12-11,Magha,9,Ra,01:45,105,132.7907,0.5383,120.0000,0.9593,1462,1401,0.9583,401,2025-12
2025-12-11,UtAshadha,10,Di,13:11,791,138.9027,0.5303,133.3333,0.4177,1511,626,0.4143,401,2025-12
2025-12-12,Swati,11,Di,12:39,759,151.1833,0.5163,146.6667,0.3387,1555,522,0.3357,401,2025-12
2025-12-13,Jyeshtha,11,Ra,04:20,260,159.2248,0.5089,146.6667,0.9419,1555,1463,0.9408,402,2025-12
2025-12-13,Vishakha,12,Di,15:00,900,164.6328,0.5048,160.0000,0.3475,1588,549,0.3457,402,2025-12
2025-12-14,Hasta,12,Ra,05:42,342,172.0201,0.5002,160.0000,0.9015,1588,1431,0.9011,402,2025-12
2025-12-14,UtAshadha,13,Di,15:47,947,177.0520,0.4977,173.3333,0.2789,1610,447,0.2776,402,2025-12
2025-12-15,Chitra,13,Ra,05:14,314,183.7306,0.4953,173.3333,0.7798,1610,1254,0.7789,403,2025-12
2025-12-16,Mula,14,Ra,01:17,77,193.6402,0.4934,186.6667,0.5230,1621,847,0.5225,404,2025-12
2025-12-17,Vishakha,15,Di,07:40,460,208.6225,0.4934,200.0000,0.6467,1622,1049,0.6467,404,2025-12
2025-12-17,UtAshadha,15,Ra,05:11,311,207.3975,0.4933,200.0000,0.5548,1622,900,0.5549,404,2025-12
2025-12-18,Anuradha,16,Di,08:29,509,220.8881,0.4954,213.3333,0.5666,1615,916,0.5672,405,2025-12
2025-12-19,UtAshadha,17,Ra,02:17,137,229.7246,0.4976,226.6667,0.2293,1604,369,0.2300,405,2025-12
2025-12-20,Mula,18,Ra,17:53,1073,249.5505,0.5041,240.0000,0.7163,1590,1141,0.7176,406,2025-12
2025-12-21,PvAshadha,19,Ra,21:41,1301,263.6380,0.5097,253.3333,0.7729,1574,1218,0.7738,406,2025-12
2025-12-22,UtAshadha,20,Ra,21:38,1298,275.9087,0.5154,266.6667,0.6932,1556,1081,0.6947,407,2025-12
2025-12-23,Shravana,21,Ra,18:39,1119,286.7968,0.5212,280.0000,0.5098,1536,786,0.5117,407,2025-12
2025-12-24,Dhanishtha,22,Ra,19:26,1166,299.8094,0.5295,293.3333,0.4857,1511,737,0.4878,408,2025-12
2025-12-24,UtBhadra,22,Di,08:23,503,293.9821,0.5256,293.3333,0.0487,1511,74,0.0490,408,2025-12
2025-12-25,Revati,23,Di,09:43,583,307.4095,0.5352,306.6667,0.0557,1482,83,0.0560,408,2025-12
2025-12-26,PvBhadra,24,Ra,21:54,1314,327.0671,0.5527,320.0000,0.5300,1449,772,0.5328,408,2025-12
2025-12-27,UtBhadra,24,Ra,00:19,19,328.4037,0.5540,320.0000,0.6303,1449,917,0.6329,409,2025-12
2025-12-28,Revati,25,Ra,01:35,95,342.5794,0.5690,333.3333,0.6935,1414,984,0.6959,409,2025-12
2025-12-29,PvAshadha,0,Ra,19:42,1182,7.1051,0.5964,0.0000,0.5329,1343,720,0.5361,410,2025-12
2025-12-30,Ardra,1,Di,17:23,1043,20.1749,0.6094,13.3333,0.5131,1314,677,0.5152,410,2025-12
2025-12-31,Punarvasu,2,Ra,23:12,1392,38.5557,0.6228,26.6667,0.8917,1292,1153,0.8924,411,2025-12
2026-01-01,Pushya,3,Ra,18:20,1100,50.5159,0.6270,40.0000,0.7887,1278,1009,0.7895,411,2026-01
2026-01-02,Ashlesha,5,Ra,22:16,1336,68.0310,0.6255,66.6667,0.1023,1284,131,0.1020,411,2026-01
2026-01-03,Shravana,6,Ra,21:12,1272,82.2970,0.6173,80.0000,0.1723,1304,223,0.1710,412,2026-01
2026-01-06,Dhanishtha,9,Ra,19:25,1165,124.0517,0.5673,120.0000,0.3039,1419,426,0.3002,413,2026-01
2026-03-19,UtBhadra,25,Ra,23:39,1419,344.0352,0.5901,333.3333,0.8026,1364,1096,0.8035,392,2026-03
2026-03-20,PvBhadra,25,Ra,01:08,68,344.9107,0.5907,333.3333,0.8683,1364,1185,0.8688,391,2026-03
2026-03-21,UtBhadra,0,Ra,18:35,1115,9.6755,0.6026,0.0000,0.7257,1330,966,0.7263,390,2026-03
2026-03-21,UtBhadra,0,Di,11:43,703,5.5422,0.6014,0.0000,0.4157,1330,554,0.4165,390,2026-03
2026-03-28,UtBhadra,7,Di,09:48,588,103.8068,0.5663,93.3333,0.7855,1406,1103,0.7845,385,2026-03
2026-03-29,Ashlesha,8,Di,13:38,818,119.4333,0.5562,106.6667,0.9575,1428,1367,0.9573,385,2026-03
2026-04-02,Hasta,12,Di,09:58,598,169.3084,0.5240,160.0000,0.6981,1521,1059,0.6963,382,2026-04
2026-04-03,Chitra,13,Di,10:49,649,182.2317,0.5158,173.3333,0.6674,1546,1029,0.6656,381,2026-04
2026-04-05,Revati,15,Di,10:00,600,206.2443,0.5024,200.0000,0.4683,1592,743,0.4667,380,2026-04
2026-04-06,Anuradha,16,Di,13:10,790,219.8183,0.4971,213.3333,0.4864,1609,781,0.4854,379,2026-04
2026-04-07,Jyeshtha,17,Di,17:04,1024,233.6449,0.4945,226.6667,0.5234,1617,846,0.5232,379,2026-04
2026-04-08,Mula,18,Ra,22:20,1340,248.1237,0.4957,240.0000,0.6093,1615,985,0.6099,378,2026-04
2026-04-09,PvAshadha,18,Ra,02:28,148,250.1735,0.4963,240.0000,0.7630,1614,1233,0.7639,377,2026-04
2026-04-10,PvAshadha,19,Ra,02:46,166,262.2854,0.5014,253.3333,0.6714,1599,1076,0.6729,377,2026-04
2026-04-11,UtAshadha,20,Ra,00:08,8,273.0691,0.5088,266.6667,0.4802,1572,759,0.4828,376,2026-04
2026-04-12,Shravana,21,Ra,01:21,81,286.0391,0.5210,280.0000,0.4529,1534,700,0.4563,375,2026-04
2026-04-13,UtBhadra,22,Ra,05:03,303,300.6918,0.5382,293.3333,0.5519,1490,828,0.5557,375,2026-04
2026-04-14,Ashwini,23,Ra,04:27,267,313.4729,0.5552,306.6667,0.5105,1442,742,0.5146,374,2026-04
2026-04-18,Ashwini,0,Ra,04:28,268,10.0778,0.6177,0.0000,0.7558,1300,984,0.7569,372,2026-04
2026-04-19,Bharani,1,Ra,05:10,310,25.4077,0.6227,13.3333,0.9056,1288,1166,0.9053,371,2026-04
2026-04-22,Revati,5,Di,17:08,1028,76.9646,0.5958,66.6667,0.7723,1334,1028,0.7706,370,2026-04
2026-04-23,Revati,7,Ra,22:46,1366,94.3703,0.5782,93.3333,0.0778,1397,107,0.0766,369,2026-04
2026-04-24,Ashwini,7,Di,17:54,1074,105.3298,0.5669,93.3333,0.8997,1397,1255,0.8984,368,2026-04
2026-04-25,Ashlesha,9,Ra,21:24,1284,120.7184,0.5521,120.0000,0.0539,1462,78,0.0534,368,2026-04
2026-04-27,Rohini,10,Di,15:24,924,143.5075,0.5336,133.3333,0.7631,1491,1136,0.7619,367,2026-04
2026-04-29,Hasta,12,Di,17:21,1041,169.7459,0.5176,160.0000,0.7309,1540,1124,0.7299,366,2026-04
2026-04-30,Chitra,13,Ra,18:08,1088,182.4978,0.5114,173.3333,0.6873,1561,1071,0.6861,366,2026-04
2026-05-01,Swati,14,Di,17:14,1034,194.2528,0.5063,186.6667,0.5690,1579,896,0.5674,365,2026-05
2026-05-02,Vishakha,15,Ra,19:18,1158,207.3853,0.5013,200.0000,0.5539,1595,881,0.5524,365,2026-05
2026-05-03,Anuradha,16,Ra,19:56,1196,219.6868,0.4975,213.3333,0.4765,1608,765,0.4757,364,2026-05
2026-05-04,Anuradha,16,Ra,00:14,14,221.8251,0.4969,213.3333,0.6369,1608,1023,0.6362,364,2026-05
2026-05-07,PvAshadha,19,Di,09:36,576,262.0969,0.4968,253.3333,0.6573,1612,1061,0.6582,363,2026-05
2026-05-08,UtAshadha,20,Di,10:11,611,274.3703,0.5024,266.6667,0.5778,1594,924,0.5797,362,2026-05
2026-05-09,Shravana,21,Di,07:25,445,285.1111,0.5100,280.0000,0.3833,1565,604,0.3859,362,2026-05
2026-05-10,Dhanishtha,22,Di,08:45,525,298.1773,0.5226,293.3333,0.3633,1525,559,0.3666,362,2026-05
2026-05-11,Krttika,23,Di,12:51,771,313.1024,0.5410,306.6667,0.4827,1479,720,0.4868,361,2026-05
2026-05-12,PvBhadra,24,Di,12:21,741,326.0183,0.5594,320.0000,0.4514,1429,651,0.4556,361,2026-05
2026-05-13,UtBhadra,25,Di,15:19,919,341.3975,0.5822,333.3333,0.6048,1380,840,0.6087,361,2026-05
2026-05-15,UtAshadha,0,Di,09:36,576,6.7336,0.6156,0.0000,0.5050,1301,661,0.5081,360,2026-05
2026-05-16,Shravana,1,Di,07:25,445,20.3001,0.6278,13.3333,0.5225,1276,669,0.5243,360,2026-05
2026-05-17,Krttika,2,Di,13:15,795,39.1694,0.6355,26.6667,0.9377,1262,1183,0.9374,360,2026-05
2026-05-18,Krttika,3,Di,10:52,652,52.8971,0.6335,40.0000,0.9673,1260,1219,0.9675,359,2026-05
2026-05-18,Krttika,3,Ra,04:02,242,48.5627,0.6348,40.0000,0.6422,1260,809,0.6421,359,2026-05
2026-05-19,Rohini,4,Ra,01:20,80,62.0340,0.6289,53.3333,0.6525,1270,827,0.6512,359,2026-05
2026-05-20,Krttika,5,Ra,05:17,317,79.4254,0.6139,66.6667,0.9569,1290,1234,0.9566,359,2026-05
2026-05-22,Krttika,8,Ra,05:17,317,108.0815,0.5785,106.6667,0.1061,1399,146,0.1044,359,2026-05
2026-05-23,Ashlesha,9,Ra,03:53,233,120.9728,0.5618,120.0000,0.0730,1441,104,0.0722,359,2026-05
2026-05-25,Rohini,11,Ra,23:00,1380,157.3001,0.5235,146.6667,0.7975,1518,1208,0.7958,358,2026-05
2026-05-29,Krttika,14,Ra,05:17,317,197.3077,0.5018,186.6667,0.7981,1589,1267,0.7974,358,2026-05
2026-06-01,Jyeshtha,17,Di,07:28,448,234.2150,0.4947,226.6667,0.5661,1617,915,0.5659,358,2026-06
2026-06-01,UtAshadha,17,Ra,00:43,43,230.8747,0.4950,226.6667,0.3156,1617,510,0.3154,358,2026-06
2026-06-02,Mula,18,Di,12:40,760,248.6536,0.4945,240.0000,0.6490,1618,1050,0.6489,358,2026-06
2026-06-02,UtAshadha,19,Ra,22:21,1341,253.4437,0.4949,253.3333,0.0083,1613,13,0.0081,358,2026-06
2026-06-03,PvAshadha,19,Di,16:54,1014,262.6350,0.4963,253.3333,0.6976,1613,1126,0.6981,358,2026-06
2026-06-03,Ardra,19,Ra,23:54,1434,266.1116,0.4971,253.3333,0.9584,1613,1546,0.9585,358,2026-06
2026-06-04,UtAshadha,20,Di,17:22,1042,274.8165,0.5000,266.6667,0.6112,1602,981,0.6124,358,2026-06
2026-06-04,Rohini,20,Ra,04:20,260,268.3166,0.4977,266.6667,0.1237,1602,199,0.1242,358,2026-06
2026-06-05,Rohini,21,Di,14:55,895,285.6408,0.5052,280.0000,0.4231,1582,672,0.4248,358,2026-06
2026-06-05,Shatabhisha,21,Ra,03:43,223,280.0013,0.5022,280.0000,0.0001,1582,0,0.0000,358,2026-06
2026-06-06,Dhanishtha,22,Di,16:23,983,298.6110,0.5143,293.3333,0.3958,1552,618,0.3982,358,2026-06
2026-06-07,Shatabhisha,23,Ra,20:37,1237,313.3143,0.5285,306.6667,0.4986,1514,760,0.5020,358,2026-06
2026-06-07,UtBhadra,22,Di,06:55,415,306.1299,0.5211,293.3333,0.9597,1552,1490,0.9601,358,2026-06
2026-06-08,PvBhadra,24,Ra,20:13,1213,325.9526,0.5437,320.0000,0.4464,1470,662,0.4503,358,2026-06
2026-06-08,Revati,23,Di,08:49,529,319.8030,0.5360,306.6667,0.9852,1514,1492,0.9855,358,2026-06
2026-06-09,UtBhadra,25,Ra,23:20,1400,340.9591,0.5644,333.3333,0.5719,1422,819,0.5759,358,2026-06
2026-06-10,Revati,25,Ra,01:07,67,341.9661,0.5658,333.3333,0.6475,1422,926,0.6512,358,2026-06
2026-06-11,Punarvasu,0,Ra,19:33,1173,6.7095,0.6011,0.0000,0.5032,1332,675,0.5068,359,2026-06
2026-06-12,Mrgasira,1,Ra,20:38,1238,22.0181,0.6196,13.3333,0.6514,1297,848,0.6538,359,2026-06
2026-06-13,Mrgasira,2,Ra,20:38,1238,37.0452,0.6322,26.6667,0.7784,1271,991,0.7797,359,2026-06
2026-06-15,Rohini,4,Ra,19:05,1145,66.6160,0.6362,53.3333,0.9962,1255,1250,0.9960,359,2026-06
2026-06-16,Krttika,5,Di,09:28,568,75.7384,0.6315,66.6667,0.6804,1264,858,0.6788,359,2026-06
2026-06-17,Punarvasu,7,Di,15:03,903,94.2024,0.6148,93.3333,0.0652,1315,85,0.0646,360,2026-06
2026-06-18,Pushya,7,Di,09:58,598,105.7088,0.6007,93.3333,0.9282,1316,1220,0.9271,360,2026-06
2026-06-19,Mrgasira,9,Di,13:28,808,121.9319,0.5782,120.0000,0.1449,1399,200,0.1430,360,2026-06
2026-06-22,Ardra,11,Di,06:58,418,158.1839,0.5307,146.6667,0.8638,1491,1285,0.8618,361,2026-06
2026-06-27,Anuradha,16,Di,10:24,624,220.8247,0.4951,213.3333,0.5619,1615,907,0.5616,362,2026-06
2026-06-28,Jyeshtha,17,Di,14:37,877,234.7820,0.4945,226.6667,0.6087,1618,985,0.6088,362,2026-06
2026-06-29,Ardra,18,Ra,19:54,1194,249.2757,0.4957,240.0000,0.6957,1615,1124,0.6960,362,2026-06
2026-06-30,PvAshadha,18,Ra,00:10,10,251.3911,0.4960,240.0000,0.8543,1615,1380,0.8545,363,2026-06
2026-07-01,Shatabhisha,20,Di,11:42,702,269.0762,0.4999,266.6667,0.1807,1596,289,0.1811,363,2026-07
2026-07-02,PvBhadra,21,Di,11:33,693,281.0448,0.5041,280.0000,0.0784,1579,124,0.0785,363,2026-07
2026-07-03,UtBhadra,22,Di,14:53,893,294.9073,0.5108,293.3333,0.1181,1557,185,0.1188,363,2026-07
2026-07-04,Revati,23,Di,17:16,1036,308.4910,0.5196,306.6667,0.1368,1529,211,0.1380,364,2026-07
2026-07-07,Krttika,25,Di,13:36,816,345.0954,0.5554,333.3333,0.8822,1457,1287,0.8833,365,2026-07
2026-07-08,Pushya,26,Di,11:22,682,357.3364,0.5703,346.6667,0.8002,1416,1136,0.8023,365,2026-07
2026-07-08,Pushya,26,Ra,04:32,272,353.4585,0.5655,346.6667,0.5094,1416,726,0.5127,365,2026-07
2026-07-16,Ashlesha,9,Ra,21:22,1282,120.8773,0.5943,120.0000,0.0658,1363,88,0.0646,367,2026-07
2026-07-20,Pushya,12,Di,16:09,969,171.7344,0.5280,160.0000,0.8801,1497,1316,0.8791,368,2026-07
2026-07-21,Chitra,13,Di,16:36,996,184.4865,0.5151,173.3333,0.8365,1539,1285,0.8350,369,2026-07
2026-07-22,Swati,14,Di,15:26,926,196.1424,0.5059,186.6667,0.7107,1574,1116,0.7090,369,2026-07
2026-07-23,Mrgasira,15,Di,17:24,1044,209.1834,0.4988,200.0000,0.6888,1599,1100,0.6879,369,2026-07
2026-07-24,Pushya,16,Di,17:36,1056,221.2085,0.4953,213.3333,0.5906,1614,952,0.5898,369,2026-07
2026-07-25,Jyeshtha,17,Ra,21:48,1308,235.1547,0.4943,226.6667,0.6366,1618,1030,0.6366,370,2026-07
2026-07-26,Jyeshtha,17,Ra,03:06,186,237.7749,0.4945,226.6667,0.8331,1618,1348,0.8331,370,2026-07
2026-07-28,PvAshadha,19,Di,07:26,446,263.7751,0.5005,253.3333,0.7831,1603,1256,0.7835,370,2026-07
2026-07-29,UtAshadha,20,Di,07:49,469,276.0371,0.5056,266.6667,0.7028,1586,1117,0.7043,371,2026-07
2026-07-29,UtAshadha,20,Ra,05:34,334,274.9003,0.5051,266.6667,0.6175,1586,982,0.6192,371,2026-07
2026-07-30,Pushya,21,Di,07:12,432,287.9252,0.5116,280.0000,0.5944,1566,934,0.5964,371,2026-07
2026-08-02,Punarvasu,24,Ra,20:52,1252,332.9160,0.5413,320.0000,0.9687,1492,1445,0.9685,371,2026-08
2026-08-02,Mrgasira,24,Di,12:43,763,328.5204,0.5379,320.0000,0.6390,1492,956,0.6408,371,2026-08
2026-08-07,Punarvasu,2,Di,15:25,925,38.0144,0.5967,26.6667,0.8511,1350,1150,0.8519,372,2026-08
2026-08-08,Pushya,3,Di,10:13,613,49.3026,0.6044,40.0000,0.6977,1328,928,0.6988,373,2026-08
2026-08-09,Ashlesha,4,Di,13:30,810,65.9047,0.6122,53.3333,0.9429,1312,1238,0.9436,373,2026-08
2026-08-16,Hasta,12,Ra,23:42,1422,171.0852,0.5404,160.0000,0.8314,1465,1215,0.8294,374,2026-08
2026-08-17,Chitra,12,Ra,00:04,4,171.2835,0.5402,160.0000,0.8463,1465,1237,0.8444,374,2026-08
2026-08-18,Chitra,14,Ra,22:52,1372,195.9332,0.5141,186.6667,0.6950,1548,1072,0.6925,374,2026-08
2026-08-19,Swati,14,Ra,00:29,29,196.7641,0.5134,186.6667,0.7573,1548,1169,0.7552,374,2026-08
2026-08-20,Vishakha,15,Ra,00:51,51,209.1568,0.5039,200.0000,0.6868,1581,1083,0.6850,374,2026-08
2026-08-21,Anuradha,16,Ra,05:06,306,223.2887,0.4970,213.3333,0.7467,1605,1197,0.7458,375,2026-08
2026-08-23,Mula,18,Di,10:17,617,249.6223,0.4957,240.0000,0.7217,1616,1167,0.7222,375,2026-08
2026-08-24,PvAshadha,19,Di,14:35,875,263.7067,0.5004,253.3333,0.7780,1604,1249,0.7787,375,2026-08
2026-08-25,Magha,20,Di,14:35,875,275.7869,0.5069,266.6667,0.6840,1583,1086,0.6860,375,2026-08
2026-08-26,Chitra,21,Di,15:13,913,288.3681,0.5152,280.0000,0.6276,1557,980,0.6294,375,2026-08
2026-08-29,PvBhadra,24,Ra,19:20,1160,328.7353,0.5465,320.0000,0.6551,1469,965,0.6569,375,2026-08
2026-09-13,Hasta,12,Di,07:39,459,170.3376,0.5471,160.0000,0.7753,1452,1123,0.7734,376,2026-09
2026-09-14,Chitra,13,Di,07:54,474,183.4499,0.5338,173.3333,0.7587,1488,1126,0.7567,376,2026-09
2026-09-15,Swati,14,Di,06:29,389,195.3763,0.5221,186.6667,0.6532,1526,992,0.6501,376,2026-09
2026-09-16,Vishakha,15,Di,08:03,483,208.5772,0.5105,200.0000,0.6433,1561,1001,0.6413,376,2026-09
2026-09-17,Anuradha,16,Di,08:15,495,220.8278,0.5020,213.3333,0.5621,1591,891,0.5600,376,2026-09
2026-09-18,Jyeshtha,17,Di,12:18,738,234.8167,0.4959,226.6667,0.6113,1611,983,0.6102,376,2026-09
2026-09-19,Mula,18,Di,17:27,1047,249.2366,0.4942,240.0000,0.6927,1618,1121,0.6928,376,2026-09
2026-09-20,PvAshadha,19,Ra,21:48,1308,263.2811,0.4974,253.3333,0.7461,1612,1204,0.7469,376,2026-09
2026-09-23,Pushya,22,Ra,22:14,1334,300.1380,0.5246,293.3333,0.5103,1526,784,0.5138,376,2026-09
2026-09-24,Dhanishtha,22,Ra,03:08,188,302.7135,0.5272,293.3333,0.7035,1526,1078,0.7064,376,2026-09
2026-09-25,Shatabhisha,23,Ra,03:05,185,315.4903,0.5405,306.6667,0.6618,1487,989,0.6651,376,2026-09
2026-09-26,PvAshadha,25,Ra,21:48,1308,339.0861,0.5645,333.3333,0.4315,1416,615,0.4343,376,2026-09
2026-09-27,UtBhadra,25,Di,06:41,401,344.1190,0.5691,333.3333,0.8089,1416,1148,0.8107,376,2026-09
2026-09-27,UtBhadra,25,Ra,03:33,213,342.3391,0.5675,333.3333,0.6754,1416,960,0.6780,376,2026-09
2026-10-03,Pushya,5,Ra,05:30,330,68.1830,0.5918,66.6667,0.1137,1355,154,0.1137,377,2026-10
2026-10-05,Ashlesha,7,Ra,03:36,216,95.2880,0.5834,93.3333,0.1466,1375,201,0.1462,377,2026-10
2026-10-08,Hasta,11,Ra,23:07,1387,147.6523,0.5590,146.6667,0.0739,1439,106,0.0737,377,2026-10
2026-10-09,Swati,11,Ra,21:16,1276,159.9549,0.5513,146.6667,0.9966,1440,1435,0.9965,377,2026-10
2026-10-11,Chitra,13,Di,15:19,919,182.8024,0.5346,173.3333,0.7102,1490,1055,0.7081,377,2026-10
2026-10-12,Vishakha,14,Di,13:49,829,194.7290,0.5251,186.6667,0.6047,1520,915,0.6020,377,2026-10
2026-10-13,Vishakha,15,Di,15:17,917,207.9725,0.5147,200.0000,0.5979,1551,924,0.5957,378,2026-10
2026-10-14,Anuradha,16,Di,15:27,927,220.3052,0.5058,213.3333,0.5229,1580,823,0.5209,378,2026-10
2026-10-15,Jyeshtha,17,Ra,19:28,1168,234.3629,0.4979,226.6667,0.5772,1604,924,0.5761,378,2026-10
2026-10-16,Mula,17,Ra,00:40,40,236.9496,0.4968,226.6667,0.7712,1604,1236,0.7706,378,2026-10
2026-10-17,Ashlesha,18,Ra,05:11,311,251.0554,0.4931,240.0000,0.8292,1619,1342,0.8289,378,2026-10
2026-10-18,PvAshadha,19,Ra,05:47,347,263.1838,0.4936,253.3333,0.7388,1622,1199,0.7392,378,2026-10
2026-10-19,UtAshadha,20,Ra,03:31,211,273.9432,0.4972,266.6667,0.5457,1610,881,0.5472,379,2026-10
2026-10-22,Shatabhisha,23,Di,10:21,621,314.3605,0.5345,306.6667,0.5770,1501,872,0.5809,379,2026-10
2026-10-23,PvBhadra,24,Di,10:30,630,327.4653,0.5517,320.0000,0.5599,1454,820,0.5640,379,2026-10
2026-10-24,Chitra,25,Di,10:30,630,340.9094,0.5694,333.3333,0.5682,1409,806,0.5720,380,2026-10
2026-10-27,Bharani,1,Di,12:51,771,24.9446,0.6098,13.3333,0.8708,1318,1149,0.8718,380,2026-10
2026-10-27,Krttika,1,Ra,05:00,300,20.1679,0.6074,13.3333,0.5126,1318,678,0.5144,380,2026-10
2026-11-10,Vishakha,16,Ra,22:44,1364,220.1429,0.5065,213.3333,0.5107,1579,803,0.5085,385,2026-11
2026-11-12,Anuradha,17,Ra,02:40,160,234.1884,0.4992,226.6667,0.5641,1601,901,0.5628,386,2026-11
2026-11-13,Vishakha,18,Di,07:54,474,248.6957,0.4936,240.0000,0.6522,1618,1054,0.6514,386,2026-11
2026-11-14,PvAshadha,19,Di,12:12,732,262.6254,0.4913,253.3333,0.6969,1627,1134,0.6970,387,2026-11
2026-11-15,UtAshadha,20,Di,12:55,775,274.7785,0.4927,266.6667,0.6084,1625,990,0.6092,387,2026-11
2026-11-16,Shravana,21,Di,10:54,654,285.6477,0.4969,280.0000,0.4236,1608,684,0.4254,387,2026-11
2026-11-17,Dhanishtha,22,Di,12:55,775,298.6790,0.5060,293.3333,0.4009,1578,637,0.4037,388,2026-11
2026-11-18,Shatabhisha,23,Ra,18:13,1093,313.7111,0.5216,306.6667,0.5283,1536,817,0.5319,388,2026-11
2026-11-19,PvBhadra,24,Di,06:13,373,320.0129,0.5295,320.0000,0.0010,1486,1,0.0007,389,2026-11
2026-11-20,UtBhadra,25,Ra,22:05,1325,341.7125,0.5609,333.3333,0.6284,1434,907,0.6325,389,2026-11
2026-11-21,Revati,25,Ra,00:32,32,343.0882,0.5630,333.3333,0.7316,1434,1054,0.7350,390,2026-11
2026-11-22,Ashwini,0,Ra,19:22,1162,7.9674,0.5989,0.0000,0.5976,1341,806,0.6010,390,2026-11
2026-11-23,Anuradha,1,Ra,20:58,1258,23.5239,0.6163,13.3333,0.7643,1307,1001,0.7659,391,2026-11
2026-11-24,Vishakha,2,Ra,22:07,1327,39.1691,0.6271,26.6667,0.9377,1283,1204,0.9384,391,2026-11
2026-11-25,Rohini,3,Ra,19:59,1199,52.9272,0.6304,40.0000,0.9695,1271,1233,0.9701,392,2026-11
2026-11-26,Mrgasira,4,Di,13:12,792,63.7715,0.6287,53.3333,0.7829,1271,994,0.7821,392,2026-11
2026-11-30,Ashlesha,9,Di,13:41,821,122.2898,0.5766,120.0000,0.1717,1399,238,0.1701,395,2026-11
2026-12-05,Anuradha,13,Di,06:49,409,184.0532,0.5215,173.3333,0.8040,1526,1225,0.8028,397,2026-12
2026-12-06,Ashlesha,14,Di,06:46,406,196.4598,0.5145,186.6667,0.7345,1550,1136,0.7329,398,2026-12
2026-12-06,Ashlesha,14,Ra,05:04,304,195.5846,0.5149,186.6667,0.6688,1550,1034,0.6671,398,2026-12
2026-12-08,Vishakha,16,Di,06:18,378,220.6437,0.5034,213.3333,0.5483,1588,869,0.5472,399,2026-12
2026-12-09,Jyeshtha,17,Di,10:01,601,234.5233,0.4982,226.6667,0.5892,1604,943,0.5879,400,2026-12
2026-12-10,Mula,18,Di,15:03,903,248.9233,0.4939,240.0000,0.6692,1617,1081,0.6685,400,2026-12
2026-12-11,PvAshadha,19,Ra,19:25,1165,262.8958,0.4915,253.3333,0.7172,1626,1166,0.7171,401,2026-12
2026-12-12,UtAshadha,20,Ra,20:12,1212,275.0718,0.4915,266.6667,0.6304,1628,1027,0.6308,401,2026-12
2026-12-13,Jyeshtha,21,Ra,18:12,1092,285.9014,0.4935,280.0000,0.4426,1620,719,0.4438,402,2026-12
2026-12-14,Dhanishtha,22,Ra,20:21,1221,298.8692,0.4991,293.3333,0.4152,1601,668,0.4172,402,2026-12
2026-12-15,Dhanishtha,22,Ra,01:30,90,301.4428,0.5007,293.3333,0.6082,1601,977,0.6102,403,2026-12
2026-12-16,Shatabhisha,23,Ra,01:51,111,313.7369,0.5101,306.6667,0.5303,1570,837,0.5331,403,2026-12
2026-12-17,PvBhadra,24,Ra,05:52,352,328.2263,0.5256,320.0000,0.6170,1528,948,0.6204,404,2026-12
2026-12-18,UtBhadra,25,Ra,04:07,247,340.0809,0.5412,333.3333,0.5061,1480,755,0.5101,404,2026-12
2026-12-19,Revati,26,Ra,03:21,201,352.8593,0.5600,346.6667,0.4644,1428,670,0.4692,405,2026-12
2026-12-20,Ashwini,0,Ra,05:01,301,7.5084,0.5825,0.0000,0.5631,1378,782,0.5675,405,2026-12
2026-12-21,Bharani,1,Di,06:15,375,22.4719,0.6041,13.3333,0.6854,1333,918,0.6887,406,2026-12
2026-12-22,Krttika,2,Ra,04:08,248,35.8655,0.6202,26.6667,0.6899,1297,898,0.6924,406,2026-12
2026-12-25,Punarvasu,5,Ra,00:01,1,78.8595,0.6369,66.6667,0.9145,1254,1147,0.9147,408,2026-12
2026-12-26,Pushya,7,Ra,18:41,1121,105.7091,0.6181,93.3333,0.9282,1283,1190,0.9275,408,2026-12
2026-12-30,PvAshadha,11,Di,13:30,810,158.8249,0.5507,146.6667,0.9119,1434,1306,0.9107,410,2026-12
2027-01-01,Chitra,13,Di,14:18,858,184.9887,0.5227,173.3333,0.8741,1516,1323,0.8727,411,2027-01
2027-01-05,Jyeshtha,17,Di,13:29,809,233.2353,0.4961,226.6667,0.4926,1612,793,0.4919,412,2027-01
2027-01-06,PvAshadha,18,Di,13:30,810,245.1194,0.4937,240.0000,0.3840,1621,622,0.3837,413,2027-01
2027-01-07,Hasta,19,Di,14:28,868,257.4272,0.4924,253.3333,0.3070,1625,499,0.3071,413,2027-01
2027-01-08,PvAshadha,19,Ra,03:26,206,263.8114,0.4923,253.3333,0.7859,1625,1277,0.7858,413,2027-01
2027-01-09,UtAshadha,20,Ra,01:27,87,274.6552,0.4930,266.6667,0.5991,1623,973,0.5995,413,2027-01
2027-01-14,UtBhadra,25,Di,13:21,801,341.3499,0.5299,333.3333,0.6012,1514,915,0.6044,414,2027-01
2027-01-15,Ashwini,26,Di,11:20,680,353.1372,0.5434,346.6667,0.4853,1472,720,0.4891,415,2027-01
2027-01-17,Jyeshtha,1,Di,12:47,767,20.8668,0.5798,13.3333,0.5650,1384,787,0.5686,415,2027-01
2027-01-18,UtAshadha,2,Di,14:07,847,35.7940,0.5992,26.6667,0.6846,1343,923,0.6873,415,2027-01
2027-01-23,Pushya,7,Ra,05:46,346,105.5495,0.6292,93.3333,0.9162,1266,1160,0.9163,415,2027-01
2027-01-27,Shravana,12,Ra,22:09,1329,172.3375,0.5515,160.0000,0.9253,1430,1321,0.9238,415,2027-01
2027-01-28,UtBhadra,13,Di,13:21,801,180.6422,0.5406,173.3333,0.5482,1477,804,0.5443,415,2027-01
2027-01-29,Shravana,14,Di,15:58,958,194.8083,0.5238,186.6667,0.6106,1522,924,0.6071,415,2027-01
2027-01-29,Swati,14,Ra,19:58,1198,196.9000,0.5215,186.6667,0.7675,1522,1164,0.7648,415,2027-01
2027-02-01,Anuradha,16,Ra,00:27,27,223.6530,0.5000,213.3333,0.7740,1592,1230,0.7726,414,2027-02
2027-02-03,Jyeshtha,18,Ra,05:24,324,249.8628,0.4919,240.0000,0.7397,1625,1201,0.7391,414,2027-02
2027-02-04,PvAshadha,19,Di,09:49,589,263.8393,0.4922,253.3333,0.7879,1626,1282,0.7884,414,2027-02
2027-02-07,Dhanishtha,22,Di,10:54,654,300.1363,0.5034,293.3333,0.5102,1590,813,0.5113,413,2027-02
2027-02-08,Shatabhisha,23,Di,16:18,978,315.0442,0.5113,306.6667,0.6283,1568,988,0.6301,413,2027-02
2027-02-09,PvBhadra,24,Di,16:53,1013,327.7034,0.5192,320.0000,0.5778,1543,895,0.5800,412,2027-02
2027-02-10,UtBhadra,25,Ra,21:09,1269,342.5197,0.5298,333.3333,0.6890,1516,1048,0.6913,412,2027-02
2027-02-11,Revati,26,Ra,23:58,1438,356.8767,0.5416,346.6667,0.7657,1486,1141,0.7678,412,2027-02
2027-02-12,Ashwini,0,Ra,19:01,1141,7.2780,0.5510,0.0000,0.5459,1454,798,0.5488,411,2027-02
2027-02-15,Krttika,3,Ra,22:17,1337,50.2695,0.5923,40.0000,0.7702,1359,1049,0.7719,410,2027-02
2027-02-16,Rohini,4,Ra,20:19,1219,63.4408,0.6035,53.3333,0.7581,1332,1012,0.7598,410,2027-02
2027-02-17,Mrgasira,5,Di,13:50,830,74.0755,0.6109,66.6667,0.5557,1311,731,0.5576,410,2027-02
2027-02-18,Ardra,6,Di,10:56,656,87.0365,0.6174,80.0000,0.5277,1297,686,0.5289,409,2027-02
2027-02-20,Pushya,8,Di,11:01,661,116.8291,0.6183,106.6667,0.7622,1292,984,0.7616,408,2027-02
2027-02-21,UtAshadha,9,Di,11:55,715,132.1415,0.6104,120.0000,0.9106,1303,1186,0.9102,408,2027-02
2027-02-21,UtAshadha,9,Ra,05:27,327,128.1846,0.6130,120.0000,0.6138,1303,798,0.6124,408,2027-02
2027-03-09,PvBhadra,24,Ra,04:49,289,330.5948,0.5284,320.0000,0.7946,1523,1213,0.7965,399,2027-03
2027-03-11,Revati,26,Di,07:49,469,358.0577,0.5488,346.6667,0.8543,1467,1255,0.8555,397,2027-03
2027-03-11,Revati,26,Ra,02:57,177,355.3923,0.5469,346.6667,0.6544,1467,963,0.6564,397,2027-03
2027-03-18,Punarvasu,6,Ra,00:32,32,90.5779,0.5976,80.0000,0.7933,1342,1065,0.7936,393,2027-03
2027-03-19,Pushya,8,Ra,19:09,1149,116.1524,0.6013,106.6667,0.7114,1331,947,0.7115,392,2027-03
2027-03-20,Ashlesha,9,Ra,22:03,1323,132.3058,0.5988,120.0000,0.9229,1333,1230,0.9227,391,2027-03
2027-03-24,Chitra,13,Di,13:28,808,183.3209,0.5613,173.3333,0.7491,1416,1057,0.7465,388,2027-03
2027-03-29,UtBhadra,18,Di,15:22,922,247.4020,0.4973,240.0000,0.5551,1607,889,0.5532,385,2027-03
2027-03-29,PvBhadra,18,Ra,19:53,1193,249.6461,0.4962,240.0000,0.7235,1606,1160,0.7223,385,2027-03
2027-03-30,PvAshadha,18,Ra,00:07,7,251.7451,0.4953,240.0000,0.8809,1607,1414,0.8799,384,2027-03
2027-04-01,UtAshadha,20,Ra,00:58,58,275.8182,0.4928,266.6667,0.6864,1624,1116,0.6872,383,2027-04
2027-04-05,PvBhadra,24,Di,07:42,462,327.9540,0.5301,320.0000,0.5966,1514,908,0.5997,380,2027-04
